ID,Locality,Assemblage,GeoLayer.Name,Country,Locality.Type,X,Y,Technocomplex,Geostrat..Info..age.min,Geostrat..Info..age.max,Geostrat..Info..correlation,Geostrat..Info..mis,NISP.Sum.class.Mammalia,NISP.Sum.order.Rodentia,NISP.Sum.family.Anatidae,Alces_NISP,Bison_NISP,Bos_NISP,Canis_NISP,Capra_NISP,Capreolus_NISP,Cervus_NISP,Coelodonta_NISP,Dama_NISP,Equus_NISP,Mammuthus_NISP,Megaloceros_NISP,Ovibos_NISP,Ovis_NISP,Palaeoloxodon_NISP,Rangifer_NISP,Saiga_NISP,Stephanorhinus_NISP,Sus_NISP,Ursus_NISP,Panthera_NISP,meanage,sdage,totalNISP,millie,RD_Suitability
8,Abri Pataud,Abri Pataud Level 2 fauna,Level 2,France,rock shelter,1.012781,44.936947,UP/ Gravettian,19130,22600,14C (radiocarbon) dating,NA,1511,57,NA,0,0,0,0.01582,0.05021,0.00069,0.02613,0,0,0.02751,0.00069,0,0,0,0,0.84938,0,0,0,0,0.00138,25095,1,1454,25000,0.73740536
9,Abri Pataud,Abri Pataud Level 3 fauna,Level 3,France,rock shelter,1.012781,44.936947,UP/ Gravettian,18190,25100,14C (radiocarbon) dating,NA,2334,28,NA,0,0,0,0.00173,0.01474,0.00043,0.00824,0,0,0.02862,0.00043,0,0,0,0,0.90199,0,0,0.00087,0.00043,0,27228,1,2306,27000,0.728000104
10,Abri Pataud,Abri Pataud Level 4 fauna,Level 4,France,rock shelter,1.012781,44.936947,UP/ Gravettian,25400,27900,14C (radiocarbon) dating,NA,18222,4,NA,0,0,0,0.00011,0.00428,0.00258,0.01471,0,0,0.00752,0,0,0,0,0,0.94972,0,0,0.00022,0.00016,0.00016,31126,1,18218,31000,0.69972837
11,Abri Pataud,Abri Pataud Level 5 fauna,Level 5,France,rock shelter,1.012781,44.936947,UP/ Gravettian,21000,29500,14C (radiocarbon) dating,NA,21796,6,NA,0,0,5.00E-05,0.00179,0.00211,0.00046,0.00789,0,0,0.00202,0.00023,0,5.00E-05,0,0,0.96921,0,0,0.00028,0.00028,0,30963,1,21790,31000,0.69972837
13,Abri Pataud,Abri Pataud Level 7 fauna,Level 7,France,rock shelter,1.012781,44.936947,UP/ Aurignacian,28850,33350,14C (radiocarbon) dating,NA,607,39,NA,0,0,0,0.00176,0.00704,0.01232,0.14085,0,0,0.1162,0.00352,0,0,0,0,0.69542,0,0,0.00528,0,0,36519,1,568,37000,0.613986194
14,Abri Pataud,Abri Pataud Level 8 fauna,Level 8,France,rock shelter,1.012781,44.936947,UP/ Aurignacian,30900,33550,14C (radiocarbon) dating,NA,102,81,NA,0,0,0,0,0.04762,0,0.14286,0,0,0.28571,0,0,0,0,0,0.14286,0,0,0.14286,0,0,36133,1,21,36000,0.634593368
15,Abri Pataud,Abri Pataud Level 9 fauna,Level 9,France,rock shelter,1.012781,44.936947,UP/ Aurignacian,32900,33900,14C (radiocarbon) dating,NA,1,0,NA,0,0,0,0,0,0,0,0,0,1,0,0,0,0,0,0,0,0,0,0,0,37860,1,1,38000,0.588448524
16,Abri Pataud,Abri Pataud Level 10 fauna,Level 10,France,rock shelter,1.012781,44.936947,UP/ Aurignacian,33150,34150,14C (radiocarbon) dating,NA,3,0,NA,0,0,0,0,0.66667,0,0,0,0,0,0,0,0,0,0,0,0,0,0,0,0,38986,1,3,39000,0.616099536
17,Abri Pataud,Abri Pataud Level 11 fauna,Level 11,France,rock shelter,1.012781,44.936947,UP/ Aurignacian,31200,34700,14C (radiocarbon) dating,NA,437,0,NA,0,0,0,0.01602,0,0,0.00458,0,0,0.82151,0.00229,0,0,0,0,0,0,0,0.00458,0.00229,0,38740,1,437,39000,0.616099536
18,Abri Pataud,Abri Pataud Level 12 fauna,Level 12,France,rock shelter,1.012781,44.936947,UP/ Aurignacian,30500,34900,14C (radiocarbon) dating,NA,180,0,NA,0,0,0,0.02222,0.00556,0,0,0,0,0.20556,0,0,0,0,0,0.71667,0,0,0,0,0,38360,1,180,38000,0.588448524
19,Abri Pataud,Abri Pataud Level 13 fauna,Level 13,France,rock shelter,1.012781,44.936947,UP/ Aurignacian,33650,35450,14C (radiocarbon) dating,NA,226,2,NA,0,0,0,0,0,0,0.01339,0,0,0,0,0,0,0,0,0.98661,0,0,0,0,0,39706,1,224,40000,0.637296557
20,Abri Pataud,Abri Pataud Level 14 fauna,Level 14,France,rock shelter,1.012781,44.936947,UP/ Aurignacian,32540,36450,14C (radiocarbon) dating,NA,1500,0,NA,0,0,0,0,0.00067,0,0.00667,0,0,0.00067,0,0,0,0,0,0.98733,0,0,0,0,0,39922,1,1500,40000,0.637296557
157,Arlanpe,Arlanpe SQ2 level VI fauna,Nivel VI,Spain,cave,-2.763036,43.192885,MP/ Middle Paleolithic - Eurasia,70600,218529,"biostratigraphy (small mammal),U series (uranium-thorium) dating,AAR (amino acid racemization) dating",6-5e,72,0,NA,0,0,0,0,0.22222,0,0.01389,0,0,0,0,0,0,0,0,0,0,0,0.22222,0.22222,0,184271,0.676935324,72,184000,NA
158,Arlanpe,Arlanpe SQ2 level 5 fauna,Nivel 5,Spain,cave,-2.763036,43.192885,MP/ Middle Paleolithic - Eurasia,70600,218529,"biostratigraphy (small mammal),U series (uranium-thorium) dating,AAR (amino acid racemization) dating",6-5e,39,0,NA,0,0,0,0,0.07692,0.05128,0,0,0,0,0,0,0,0,0,0,0,0,0.41026,0.41026,0,184271,0.676935324,39,184000,NA
163,Arlanpe,Arlanpe SQ3 level D fauna,Nivel D,Spain,cave,-2.763036,43.192885,MP/ Middle Paleolithic - Eurasia,70600,218529,"AAR (amino acid racemization) dating,biostratigraphy (small mammal),U series (uranium-thorium) dating",6-5e,292,0,NA,0,0,0,0,0.16438,0.02055,0.0137,0,0,0,0,0,0,0,0,0.00342,0,0,0.07534,0.07534,0.00685,184271,0.676935324,292,184000,NA
231,Azokh-1 Cave,"Azokh 1, Unit II/III, coll. 2002-2009 micromammals",Unit II,Azerbaijan,cave,46.98842,39.61997,MP/ Mousterian - Eurasia,0,197000,ESR (electron spin resonance) dating,NA,16,15,NA,0,0,0,0,0,0,0,0,0,0,0,0,0,0,0,0,0,0,0,0,0,107987,0.963571,1,108000,NA
233,Azokh-1 Cave,"Azokh 1, Unit II, coll. 2002-2009 micromammals",Unit II,Azerbaijan,cave,46.98842,39.61997,MP/ Mousterian - Eurasia,0,197000,ESR (electron spin resonance) dating,NA,145,98,NA,0,0,0,0,0,0,0,0,0,0,0,0,0,0,0,0,0,0,0,0,0,107987,0.963571,47,108000,NA
261,Ban Fa Suai II,"Unit 2, Fauna",Unit 2,Thailand,cave,98.8093,19.4086,,41800,59900,ESR (electron spin resonance) dating,NA,1253,0,NA,0,0,0.02554,0,0,0,0.06784,0,0,0,0,0,0,0,0,0,0,0,0.05267,0.00559,0.00319,53443,0.999999991,1253,53000,NA
262,Ban Fa Suai II,"Unit 2, micromammals",Unit 2,Thailand,cave,98.8093,19.4086,,41800,59900,ESR (electron spin resonance) dating,NA,137,136,NA,0,0,0,0,0,0,0,0,0,0,0,0,0,0,0,0,0,0,0,0,0,53443,0.999999991,1,53000,NA
343,Bisnik Cave,Bisnik Cave layer 12 fauna,Layer 12,Poland,cave,19.665,50.426389,MP/ Middle Paleolithic - Eurasia,110000,115000,"geology (based on position of layers), OSL (optically stimulated thermoluminescence) dating, TL (thermoluminescence) dating",5d,478,464,NA,0,0,0,0,0,0,0,0,0,0,0,0,0,0,0,1,0,0,0,0,0,91109,0.997954685,14,91000,NA
344,Bisnik Cave,Bisnik Cave layer 11 fauna,Layer 11,Poland,cave,19.665,50.426389,MP/ Middle Paleolithic - Eurasia,90000,110000,"geology (based on position of layers), TL (thermoluminescence) dating",5c,177,165,NA,0,0,0,0,0,0,0,0,0,0,0,0,0,0,0,1,0,0,0,0,0,66000,1,12,66000,0.406101942
345,Bisnik Cave,Bisnik Cave layer 10 fauna,Layer 10,Poland,cave,19.665,50.426389,MP/ Middle Paleolithic - Eurasia,70000,90000,"geology (based on position of layers), TL (thermoluminescence) dating",5b,495,491,NA,0,0,0,0,0,0,0,0,0,0,0,0,0,0,0,1,0,0,0,0,0,48006,0.999626136,4,48000,0.384365439
346,Bisnik Cave,Bisnik Cave layer 9 fauna,Layer 9,Poland,cave,19.665,50.426389,MP/ Middle Paleolithic - Eurasia,70000,90000,"geology (based on position of layers), TL (thermoluminescence) dating",5a,315,309,NA,0,0,0,0,0,0,0,0,0,0,0,0,0,0,0,1,0,0,0,0,0,95915,0.999729044,6,96000,NA
347,Bisnik Cave,Bisnik Cave layer 8 fauna,Layer 8,Poland,cave,19.665,50.426389,MP/ Micoquian,60000,74000,"geology (based on position of layers), TL (thermoluminescence) dating",4,1293,1276,NA,0,0,0,0,0,0,0,0,0,0,0,0,0,0,0,1,0,0,0,0,0,106759,0.999929507,17,107000,NA
348,Bisnik Cave,Bisnik Cave layer 7 fauna,Layer 7,Poland,cave,19.665,50.426389,MP/ Micoquian,40000,70000,"geology (based on position of layers), OSL (optically stimulated thermoluminescence) dating, TL (thermoluminescence) dating",45750,1220,1193,NA,0,0,0,0,0,0,0,0,0,0,0,0,0,0,0,1,0,0,0,0,0,65685,1,27,66000,0.406101942
352,Bisnik Cave,Bisnik Cave layer 3 fauna,Layer 3,Poland,cave,19.665,50.426389,UP/ Upper Paleolithic - Eurasia,25000,40000,"geology (based on position of layers), TL (thermoluminescence) dating",3,755,751,NA,0,0,0,0,0,0,0,0,0,0,0,0,0,0,0,1,0,0,0,0,0,55709,0.999693784,4,56000,0.341602445
366,Boh Dambang,"Boh Dambang, Fauna",Cave sediment,Cambodia,cave,104.276358,10.679672,,7000,105000,"ESR (electron spin resonance) dating, OSL (optically stimulated thermoluminescence) dating, U series (uranium-thorium) dating",2,536,38,NA,0,0,0.15462,0.01406,0,0,0.11847,0,0,0,0,0,0,0,0,0,0,0,0.12851,0.01004,0.01004,32070,0.459988984,498,32000,NA
370,Bollschweil,Bollschweil fauna,GE-1,Germany,open air,7.778593,47.932644,MP/ Middle Paleolithic - Eurasia,81000,163000,"ESR (electron spin resonance) dating, geology (based on position of layers)",45813,299,0,NA,0,0,0,0,0,0,0.01672,0.04682,0,0.09365,0.76589,0,0,0,0,0,0,0,0.00334,0.00334,0,105888,0.987557947,299,106000,NA
420,Bondi Cave,Bondi Cave fauna layer IV - V,Layer IV,Georgia,cave,43.280426,42.330045,UP/ Upper Paleolithic - Eurasia,19240,27360,14C (radiocarbon) dating,NA,16,0,NA,0,0.0625,0,0,0.0625,0,0,0,0,0,0,0,0,0,0,0,0,0,0.0625,0,0,31161,1,16,31000,0.446841508
433,Bondi Cave,Bondi Cave fauna layer V,Layer Va,Georgia,cave,43.280426,42.330045,UP/ Upper Paleolithic - Eurasia,30500,35950,"14C (radiocarbon) dating, geology (based on position of layers)",NA,62,0,NA,0,0.04839,0,0.03226,0.14516,0,0.03226,0,0,0,0,0,0,0,0,0,0,0,0.06452,0.01613,0,39587,0.933333333,62,40000,0.452935159
437,Bondi Cave,Bondi Cave fauna layer V?,Layer Va,Georgia,cave,43.280426,42.330045,UP/ Upper Paleolithic - Eurasia,30500,35950,"14C (radiocarbon) dating, geology (based on position of layers)",NA,30,0,NA,0,0.13333,0,0.03333,0.16667,0,0,0,0,0,0,0,0,0,0,0,0,0,0.13333,0,0,21977,0.75,30,22000,0.573971748
441,Bondi Cave,Bondi Cave fauna layer V - VI,Layer VI,Georgia,cave,43.280426,42.330045,,30630,50400,14C (radiocarbon) dating,NA,17,0,NA,0,0,0,0,0.05882,0,0,0,0,0,0,0,0,0,0,0,0,0,0.05882,0.05882,0,35591,1,17,36000,0.407748848
446,Bondi Cave,Bondi Cave fauna layer VI,Layer VI,Georgia,cave,43.280426,42.330045,,30630,50400,14C (radiocarbon) dating,NA,27,0,NA,0,0.11111,0,0.03704,0.07407,0.03704,0,0,0,0,0,0,0,0,0,0,0,0,0.14815,0.03704,0,35591,1,27,36000,0.407748848
449,Bondi Cave,Bondi Cave fauna layer VII,Layer VII,Georgia,cave,43.280426,42.330045,MP/ Mousterian - Eurasia,34730,48600,14C (radiocarbon) dating,NA,8,0,NA,0,0.125,0,0.25,0.125,0,0.125,0,0,0,0,0,0,0,0,0,0,0,0.125,0,0,42515,1,8,43000,0.463463932
450,Bondi Cave,Bondi Cave fauna layer VII - VIII,Layer VII,Georgia,cave,43.280426,42.330045,MP/ Mousterian - Eurasia,34730,48600,14C (radiocarbon) dating,NA,1,0,NA,0,0,0,0,0,0,0,0,0,0,0,0,0,0,0,0,0,0,0,0,0,42515,1,1,43000,0.463463932
475,Breuil,Breuil Layer Br Fauna,Layer d,Italy,cave,13.036706,41.239253,MP/ Middle Paleolithic - Eurasia,40000,50000,"ESR (electron spin resonance) dating, geology (based on position of layers)",NA,310,0,NA,0,0,0.12903,0.02903,0.07097,0.1129,0.54194,0,0.00645,0.04516,0,0,0,0,0,0,0,0,0.00645,0.00323,0,35195,0.999902574,310,35000,0.248634651
476,Breuil,Breuil Layer B 3/4 Fauna,Layer d,Italy,cave,13.036706,41.239253,MP/ Middle Paleolithic - Eurasia,40000,50000,"ESR (electron spin resonance) dating, geology (based on position of layers)",NA,396,0,NA,0,0,0.05556,0.05556,0.46717,0.03535,0.28283,0,0.02273,0.02273,0,0,0,0,0,0,0,0,0.02525,0.02525,0,35593,0.999926931,396,36000,0.24083674
504,Buran Kaya III,Buran Kaya III Layer 6.1 Fauna,layer 6.1,Ukraine,cave,34.4045,45.0029,UP/ Gravettian,10000,30000,stratigraphy,NA,1782,145,NA,0,0.0391,0,0.00916,0,0,0.00244,0.00061,0,0.09957,0,0,0,0,0,0.00061,0.416,0,0.00122,0.00122,0,36222,1,1637,36000,0.379236996
505,Buran Kaya III,Buran Kaya III Layer 6.2 Fauna,layer 6.2,Ukraine,cave,34.4045,45.0029,UP/ Gravettian,30000,33000,14C (radiocarbon) dating,NA,243,4,NA,0,0.0251,0,0.01255,0,0,0,0,0,0.03347,0,0,0,0,0,0.00418,0.61088,0,0,0,0,35202,1,239,35000,0.38415876
508,Buran Kaya III,Buran Kaya III Layer 6.5 Fauna,layer 6.5,Ukraine,cave,34.4045,45.0029,UP/ Aurignacian,28000,33000,"14C (radiocarbon) dating, stratigraphy",NA,34,19,NA,0,0,0,0,0,0,0,0,0,0,0,0,0,0,0,0,0,0,0,0,0,33123,1,15,33000,0.407974601
509,Buran Kaya III,Buran Kaya III Layer B Fauna,layer B,Ukraine,cave,34.4045,45.0029,MP/ Micoquian,28000,34000,"14C (radiocarbon) dating, stratigraphy",NA,138,132,NA,0,0,0,0,0,0,0,0,0,0,0,0,0,0,0,0,0,0,0,0,0,33113,1,6,33000,0.407974601
510,Buran Kaya III,Buran Kaya III Layer C Fauna,layer C,Ukraine,cave,34.4045,45.0029,MP/ Szeletian,32000,39000,"14C (radiocarbon) dating, stratigraphy",NA,101,32,NA,0,0,0,0.01449,0,0,0,0,0,0.05797,0,0,0,0,0,0,0.14493,0,0,0,0,36505,1,69,37000,0.365042597
512,Burgtonna,"Burgtonna L2, Micromammals",L2,Germany,open air,10.731923,51.073936,MP/ Middle Paleolithic - Eurasia,116000,130000,"U series (uranium-thorium) dating, fauna, geology (based on position of layers), macrobotanical remains",5e,11,11,NA,NA,NA,NA,NA,NA,NA,NA,NA,NA,NA,NA,NA,NA,NA,NA,NA,NA,NA,NA,NA,NA,103089,1,0,103000,NA
513,Burgtonna,"Burgtonna L2, Fauna",L2,Germany,open air,10.731923,51.073936,MP/ Middle Paleolithic - Eurasia,116000,130000,"U series (uranium-thorium) dating, fauna, geology (based on position of layers), macrobotanical remains",5e,89,0,NA,0,0.21348,0,0,0,0,0,0,0,0.07865,0,0,0,0,0.21348,0,0,0,0.06742,0.02247,0.01124,103089,1,89,103000,NA
524,Caours,Caours N1 macrofauna,5,France,open air,1.8830556,50.131389,MP/ Middle Paleolithic - Eurasia,109000,139000,ESR (electron spin resonance) dating,5e,863,0,NA,0,0,0.04983,0.00116,0,0.00348,0.13905,0,0.03476,0,0,0,0,0,0.00116,0,0,0,0.00579,0.00116,0,124000,0.999999798,863,124000,NA
582,Chagyrskaya,Chagyrskaya stratum 5 small mammal fauna,Stratum 5,Russia,cave,83.1263,51.422,,33590,49000,14C (radiocarbon) dating,NA,351,332,NA,0,0,0,0,0,0,0,0,0,0,0,0,0,0,0,0,0,0,0,0,0,39086,1,19,39000,0.491367728
585,Chagyrskaya,Chagyrskaya stratum 6c/1 small mammal fauna,Stratum 6 c 1,Russia,cave,83.1263,51.422,MP/ Middle Paleolithic - Eurasia,45191,52000,14C (radiocarbon) dating,NA,181,168,NA,0,0,0,0,0,0,0,0,0,0,0,0,0,0,0,0,0,0,0,0,0,47961,1,13,48000,0.467176467
586,Chagyrskaya,Chagyrskaya stratum 6c/2 small mammal fauna,Stratum 6 c 2,Russia,cave,83.1263,51.422,MP/ Middle Paleolithic - Eurasia,45191,48999,14C (radiocarbon) dating,NA,28,25,NA,0,0,0,0,0,0,0,0,0,0,0,0,0,0,0,0,0,0,0,0,0,52200,1,3,52000,0.432610512
590,Chagyrskaya,Chagyrskaya stratum 5 large mammal fauna,Stratum 5,Russia,cave,83.1263,51.422,,33590,49000,14C (radiocarbon) dating,NA,2155,995,NA,0,0.03793,0,0.03707,0.17845,0,0.01552,0.01466,0,0.08103,0.04224,0,0,0.08879,0,0.00517,0.00776,0,0.00603,0.00603,0.00431,39086,1,1160,39000,0.491367728
593,Chagyrskaya,Chagyrskaya stratum 6c large mammal fauna,Stratum 6 c 1,Russia,cave,83.1263,51.422,MP/ Middle Paleolithic - Eurasia,45191,52000,14C (radiocarbon) dating,NA,1023,94,NA,0,0.5436,0,0.04952,0.08827,0,0.01292,0.00108,0,0.06566,0.00969,0,0,0.03875,0,0.00646,0.00215,0,0.00323,0.00323,0.00323,47961,1,929,48000,0.467176467
616,Coc Muoi cave,"Coc Muoi Cave, Fauna",Layer 1,Vietnam,cave,106.435033,22.355983,,117000,148000,"IRSL post-IR (post-infrared infrared stimulated luminescence) dating, OSL (optically stimulated thermoluminescence) dating",NA,1244,0,NA,0,0,0.06672,0,0,0,0,0,0,0,0,0,0,0,0,0,0,0,0.22508,0.02251,0.00563,145227,0.999189822,1244,145000,NA
617,Coc Muoi cave,"Coc Muoi Cave, micromammals",Layer 1,Vietnam,cave,106.435033,22.355983,,117000,148000,"IRSL post-IR (post-infrared infrared stimulated luminescence) dating, OSL (optically stimulated thermoluminescence) dating",NA,79,79,NA,NA,NA,NA,NA,NA,NA,NA,NA,NA,NA,NA,NA,NA,NA,NA,NA,NA,NA,NA,NA,NA,145227,0.999189822,0,145000,NA
779,Cova del Gegant,Cova del Gegant Episode 3a Microfaunal Remains,Episode 3a,Spain,cave,1.7743,41.2235,MP/ Mousterian - Eurasia,47500,51100,U series (uranium-thorium) dating,3,19,18,NA,0,0,0,0,0,0,0,0,0,0,0,0,0,0,0,0,0,0,0,0,0,49400,1,1,49000,0.342867404
780,Cova del Gegant,Cova del Gegant Episode 1 Microfaunal Remains,Episode 1,Spain,cave,1.7743,41.2235,MP/ Mousterian - Eurasia,50900,60500,OSL (optically stimulated thermoluminescence) dating,3,61,24,NA,0,0,0,0,0,0,0,0,0,0,0,0,0,0,0,0,0,0,0,0,0,55686,1,37,56000,0.29154098
781,Cova del Gegant,Cova del Gegant Episoede 2 Microfaunal Remains,Episode 2,Spain,cave,1.7743,41.2235,MP/ Mousterian - Eurasia,56100,63900,OSL (optically stimulated thermoluminescence) dating,3,8,4,NA,0,0,0,0,0,0,0,0,0,0,0,0,0,0,0,0,0,0,0,0,0,60081,1,4,60000,0.267612487
785,Covalejos,Covalejos level B fauna,Nivel B,Spain,cave,-3.9333,43.397,UP/ Aurignacian,30130,30630,14C (radiocarbon) dating,NA,317,0,NA,0,0,0,0,0.01893,0.0694,0.51104,0,0,0.09148,0,0.00315,0,0,0,0.00631,0,0,0.00315,0,0,34680,1,317,35000,0.658313453
788,Covalejos,Covalejos level B-C fauna,Nivel B,Spain,cave,-3.9333,43.397,UP/ Aurignacian,30130,30630,14C (radiocarbon) dating,NA,68,0,NA,0,0,0,0,0.01471,0,0.97059,0,0,0,0,0,0,0,0,0,0,0,0,0,0,34680,1,68,35000,0.658313453
791,Covalejos,Covalejos level H fauna,Nivel H,Spain,cave,-3.9333,43.397,MP/ Mousterian - Eurasia,42500,87857,"archaeological (cultural) stratigraphy, geology (based on position of layers)",NA,219,0,NA,0,0,0,0,0.00457,0.03196,0.59817,0,0,0.04566,0,0,0,0,0,0,0,0,0.00457,0,0,38344,0.999999872,219,38000,0.628393829
799,Covolo De Nadale,Covolo De Nadale Unit 7 Fauna,Unit 7,Italy,cave,11.3,45.26,MP/ Mousterian - Eurasia,57000,71000,"U series (uranium-thorium) dating, geology (based on position of layers), biostratigraphy (small mammal)",4,20903,0,NA,0,0.00282,0.00234,0.00014,0.00019,0.00067,0.00392,0,0,0,0,0.00407,0,0,0,0,0,0,0.00072,0.00072,0,70100,1,20903,70000,NA
950,Denisova Central chamber,Denisova central chamber Layer 9 Fauna,Layer 09,Russia,cave,84.6775,51.3976,,38000,62000,TL (thermoluminescence) dating,5a,607,497,NA,0,0,0,0.01818,0.12727,0,0.01818,0.00909,0,0.09091,0,0,0,0.02727,0,0,0.01818,0,0.01818,0.01818,0,50000,0.993791065,110,50000,0.487994462
959,Denisova Central chamber,Denisova central chamber Layer 14 Fauna,Layer 14,Russia,cave,84.6775,51.3976,,52000,86000,TL (thermoluminescence) dating,NA,868,669,NA,0,0.01005,0,0.09045,0.05025,0.03015,0.02513,0.03015,0,0.05528,0.0603,0,0,0.05025,0,0,0,0,0.07035,0.07035,0,69000,0.998026598,199,69000,0.591042995
963,Denisova Central chamber,Denisova central chamber Layer 21 Fauna,Layer 21,Russia,cave,84.6775,51.3976,,124000,186000,TL (thermoluminescence) dating,NA,750,592,NA,0,0.00633,0,0.05063,0.00633,0.00633,0,0.00633,0,0,0.01266,0,0,0,0,0,0,0,0.05063,0.05063,0,155000,0.926690951,158,155000,NA
968,Denisova East chamber,Denisova East chamber Layer 9 Fauna,Denisova East chamber layer 9,Russia,cave,84.6775,51.3976,,0,38000,stratigraphy,NA,254,160,NA,0,0.10638,0,0.05319,0.2234,0.02128,0.03191,0.02128,0,0.06383,0.01064,0.01064,0,0.17021,0,0,0,0,0.01064,0,0,38000,0.977252867,94,38000,0.492370248
969,Denisova East chamber,Denisova East chamber Layer 11.1 Fauna,Denisova East chamber layer 11.1,Russia,cave,84.6775,51.3976,,29000,55000,"IRSL (infrared stimulated luminescence) dating, IRSL post-IR (post-infrared infrared stimulated luminescence) dating, OSL (optically stimulated thermoluminescence) dating",NA,811,574,NA,0,0.09283,0,0.03797,0.19409,0.00422,0.01266,0.02532,0,0.09705,0.00422,0,0,0.14346,0,0,0.00422,0,0.01266,0.00422,0,49000,0.999999329,237,49000,0.493579775
970,Denisova East chamber,Denisova East chamber Layer 11.2 Fauna,Denisova East chamber layer 11.2,Russia,cave,84.6775,51.3976,,49000,69000,"IRSL (infrared stimulated luminescence) dating, IRSL post-IR (post-infrared infrared stimulated luminescence) dating, OSL (optically stimulated thermoluminescence) dating",NA,2162,1024,NA,0,0.10193,0,0.07206,0.22232,0.0246,0.02373,0.01406,0,0.0949,0.00264,0.00351,0,0.14148,0,0.00264,0.00967,0,0.0167,0.00439,0.00264,63000,1,1138,63000,0.51242739
971,Denisova East chamber,Denisova East chamber Layer 11.3 Fauna,Denisova East chamber layer 11.3,Russia,cave,84.6775,51.3976,,62000,89000,"IRSL (infrared stimulated luminescence) dating, IRSL post-IR (post-infrared infrared stimulated luminescence) dating, OSL (optically stimulated thermoluminescence) dating",NA,1816,623,NA,0.00084,0.08131,0,0.05365,0.19866,0.03856,0.03604,0.03688,0,0.11819,0.0109,0.00419,0,0.11987,0,0.00084,0.02431,0,0.04023,0.01006,0,70000,1,1193,70000,NA
972,Denisova East chamber,Denisova East chamber Layer 11.4 Fauna,Denisova East chamber layer 11.4,Russia,cave,84.6775,51.3976,,94000,131000,"IRSL (infrared stimulated luminescence) dating, IRSL post-IR (post-infrared infrared stimulated luminescence) dating, OSL (optically stimulated thermoluminescence) dating",NA,1166,556,NA,0.00164,0.08197,0,0.07541,0.14918,0.04754,0.0459,0.03115,0,0.10492,0.01475,0.0082,0,0.0918,0,0,0.01311,0,0.02131,0,0.00328,105000,1,610,105000,NA
973,Denisova East chamber,Denisova East chamber Layer 12.1 Fauna,Denisova East chamber layer 12.1,Russia,cave,84.6775,51.3976,,109000,131000,"IRSL (infrared stimulated luminescence) dating, IRSL post-IR (post-infrared infrared stimulated luminescence) dating, OSL (optically stimulated thermoluminescence) dating",NA,582,483,NA,0,0,0,0,0,0,0,0,0,0,0,0,0,0,0,0,0,0,0,0,0,120000,1,99,120000,NA
974,Denisova East chamber,Denisova East chamber Layer 12.2 Fauna,Denisova East chamber layer 12.2,Russia,cave,84.6775,51.3976,,128000,140000,"IRSL (infrared stimulated luminescence) dating, IRSL post-IR (post-infrared infrared stimulated luminescence) dating, OSL (optically stimulated thermoluminescence) dating",NA,401,346,NA,0,0,0,0,0,0,0,0,0,0,0,0,0,0,0,0,0,0,0,0,0,129000,1,55,129000,NA
975,Denisova East chamber,Denisova East chamber Layer 12.3 Fauna,Denisova East chamber layer 12.3,Russia,cave,84.6775,51.3976,,131000,151000,"IRSL (infrared stimulated luminescence) dating, IRSL post-IR (post-infrared infrared stimulated luminescence) dating, OSL (optically stimulated thermoluminescence) dating",NA,689,618,NA,0,0,0,0,0,0,0,0,0,0,0,0,0,0,0,0,0,0,0,0,0,141000,0.999999998,71,141000,NA
976,Denisova East chamber,Denisova East chamber Layer 13 Fauna,Denisova East chamber layer 13,Russia,cave,84.6775,51.3976,,135000,171000,"IRSL (infrared stimulated luminescence) dating, IRSL post-IR (post-infrared infrared stimulated luminescence) dating, OSL (optically stimulated thermoluminescence) dating",NA,2022,1666,NA,0,0.03371,0,0.04775,0.10955,0.01685,0.01124,0.03933,0,0.07584,0.00562,0,0,0.07584,0,0,0.00843,0,0.00562,0.00281,0,156000,0.998323462,356,156000,NA
1040,Dzudzuana Cave,Dzudzuana Cave Unit C Fauna,Unit C,Georgia,cave,43.316331,42.31259,UP/ Upper Paleolithic - Eurasia,19620,25870,14C (radiocarbon) dating,NA,700,0,NA,0,0.01286,0,0,0.39714,0,0.01857,0,0,0.02,0,0,0,0,0,0,0,0,0,0,0,25273,1,700,25000,0.552787364
1041,Dzudzuana Cave,Dzudzuana Cave Unit D Fauna,Unit D,Georgia,cave,43.316331,42.31259,UP/ Upper Paleolithic - Eurasia,26060,30460,14C (radiocarbon) dating,NA,113,0,NA,0,0.00885,0,0,0.61947,0,0,0,0,0.00885,0,0,0,0,0,0,0,0,0.00885,0,0,31182,1,113,31000,0.436125815
1044,Dzudzuana Cave,Dzudzuana Cave Unit C upper area Fauna,Unit C,Georgia,cave,43.316331,42.31259,UP/ Upper Paleolithic - Eurasia,19620,25870,14C (radiocarbon) dating,NA,86,0,NA,0,0.03488,0,0,0.27907,0,0.05814,0,0,0,0,0,0,0,0,0,0,0,0,0,0,25273,1,86,25000,0.552787364
1085,El Castillo,El Castillo Exc. 1910-14 Unit 12 fauna,Unit 12,Spain,cave,-3.966,43.292,,11780,41100,geology (based on position of layers),NA,605,0,NA,0,0,0,0,0.07438,0.00496,0.35207,0,0,0.52727,0,0,0,0,0,0,0,0.00165,0.00331,0.00331,0.00661,30108,1,605,30000,0.715884507
1087,El Castillo,El Castillo Exc. 1910-14 Unit 14 fauna,Unit 14,Spain,cave,-3.966,43.292,,11780,41100,geology (based on position of layers),NA,497,0,NA,0,0,0.00201,0.02012,0.30584,0.03622,0.32394,0,0,0.15895,0,0.00402,0,0,0,0,0,0.02012,0.02616,0.02616,0.01408,34260,1,497,34000,0.671269596
1088,El Castillo,El Castillo Exc. 1910-14 Unit 16 fauna,Unit 16,Spain,cave,-3.966,43.292,,11780,41100,geology (based on position of layers),NA,22,0,NA,0,0,0,0,0,0,0,0,0,1,0,0,0,0,0,0,0,0,0,0,0,42545,1,22,43000,0.654127955
1089,El Castillo,El Castillo Exc. 1910-14 Unit 18 fauna,Unit 18,Spain,cave,-3.966,43.292,,32100,41100,"14C (radiocarbon) dating, ESR (electron spin resonance) dating",NA,160,0,NA,0,0,0,0,0,0,0.01875,0,0,0.98125,0,0,0,0,0,0,0,0,0,0,0,42952,0.999803718,160,43000,0.654127955
1090,El Castillo,El Castillo Exc. 1910-14 Unit 19 fauna,Unit 19,Spain,cave,-3.966,43.292,,32100,41100,geology (based on position of layers),NA,55,0,NA,0,0,0,0,0,0,0.96364,0,0,0.01818,0,0,0,0,0,0,0,0,0,0,0,47000,1,55,47000,0.639112353
1091,El Castillo,El Castillo Exc. 1910-14 Unit 20 fauna,Unit 20,Spain,cave,-3.966,43.292,,36300,46200,"14C (radiocarbon) dating, ESR (electron spin resonance) dating",NA,157,0,NA,0,0,0,0,0,0.01274,0,0,0,0.98726,0,0,0,0,0,0,0,0,0,0,0,178998,0.996670372,157,179000,NA
1092,El Castillo,El Castillo Exc. 1910-14 Unit 21 fauna,Unit 21,Spain,cave,-3.966,43.292,,59800,78400,ESR (electron spin resonance) dating,NA,40,0,NA,0,0,0,0,0,0,0,0,0,1,0,0,0,0,0,0,0,0,0,0,0,63448,0.999999987,40,63000,0.653914392
1093,El Castillo,El Castillo Exc. 1910-14 Unit 22 fauna,Unit 22,Spain,cave,-3.966,43.292,,60700,80000,ESR (electron spin resonance) dating,NA,1213,0,NA,0,0,0,0,0,0,0.01649,0,0,0.92333,0,0,0,0,0,0,0,0,0,0,0,77679,0.999999987,1213,78000,NA
1097,El Salt,El Salt Fauna Unidad D Layer Xb,Unidad D,Spain,cave,-0.383,39.655,MP/ Middle Paleolithic - Eurasia,44400,56900,"TL (thermoluminescence) dating, archaeological (cultural) stratigraphy",NA,724,157,NA,0,0,0,0,0,0,0,0,0,0,0,0,0,0,0,0,0,0,0,0,0,52300,1,567,52000,0.143874079
1203,Fumane,Fumane Unit A6 Fauna,Unit A5-A6,Italy,cave,10.905175,45.591867,MP/ Mousterian - Eurasia,43600,44800,"14C (radiocarbon) dating, ESR (electron spin resonance) dating, TL (thermoluminescence) dating, U series (uranium-thorium) dating",NA,248,0,NA,0.02016,0,0,0.00806,0.12097,0.17742,0.60081,0,0,0,0,0.04032,0,0,0,0,0,0,0.0121,0.0121,0,43258,0.999986402,248,43000,0.6950683
1414,Goyet,Goyet level 3 fauna Q55,third ossiferous level,Belgium,cave,5.012625,50.444642,MP/ Mousterian - Eurasia,23450,27760,14C (radiocarbon) dating,2,354,0,NA,0,0,0,0,0.00282,0,0.00847,0,0,0.25141,0.00847,0.00565,0,0,0,0.67797,0,0,0,0,0,27754,1,354,28000,0.604428649
1416,Goyet,Goyet level 3 fauna Q376,third ossiferous level,Belgium,cave,5.012625,50.444642,MP/ Mousterian - Eurasia,23450,27760,14C (radiocarbon) dating,2,409,0,NA,0,0,0,0.00489,0.00244,0,0.00733,0,0,0.26406,0.00244,0,0,0,0,0.64059,0,0,0.02689,0.02445,0,27754,1,409,28000,0.604428649
1462,Grotta Maggiore di San Bernardino,Grotta Maggiore di San Bernardino Layer III-II fauna,Unit II,Italy,cave,11.553914,45.423019,,11780,57000,"ESR (electron spin resonance) dating, U series (uranium-thorium) dating, geology (based on position of layers)",NA,263,18,4,0.02857,0.00408,0,0.00816,0.21633,0.42857,0.1102,0,0,0,0,0.00408,0,0,0,0,0,0,0.07347,0.07347,0,35982,0.99987629,245,36000,0.56241399
1474,Grotta Reali,Grotta Reali US 5 Fauna,DU 6 SU5,Italy,cave,14.0397,41.6321,MP/ Mousterian - Eurasia,48360,50940,14C (radiocarbon) dating,NA,131,83,NA,0,0,0,0,0.02083,0,0.29167,0,0.02083,0,0,0,0,0,0,0,0,0,0.08333,0.0625,0,41412,1,48,41000,0.39059484
1475,Grotta Reali,Grotta Reali US 2abc Fauna,DU 2 SU2abc,Italy,cave,14.0397,41.6321,MP/ Mousterian - Eurasia,40370,42170,14C (radiocarbon) dating,NA,410,251,NA,0,0,0.03145,0.03145,0.01258,0.09434,0.13836,0,0,0.01258,0,0,0,0,0,0,0,0,0.09434,0.06289,0,42333,1,159,42000,0.392292202
1477,Grotta dei Santi,Grotta dei Santi Layer 20.2-1004 Fauna,Layer 20.2-1004,Italy,cave,11.18,42.36,MP/ Mousterian - Eurasia,45000,50000,"14C (radiocarbon) dating, OSL (optically stimulated thermoluminescence) dating, geology (based on position of layers)",3,8,0,NA,0,0,0.125,0,0.25,0,0.375,0,0,0,0,0,0,0,0,0,0,0,0,0,0,44269,0.99999177,8,44000,NA
1480,Grotta dei Santi,Grotta dei Santi Layer 20.3.2-110 Fauna,Layer 20.3.2-110,Italy,cave,11.18,42.36,MP/ Mousterian - Eurasia,40000,45000,"14C (radiocarbon) dating, OSL (optically stimulated thermoluminescence) dating, geology (based on position of layers)",3,101,0,NA,0,0,0.06931,0,0,0.10891,0.58416,0,0.0297,0.0198,0,0,0,0,0,0,0,0,0,0,0.12871,22840,0.999999961,101,23000,0.465752333
1487,Grotta del Cavallo,Grotta del Cavallo Layer F I Fauna,Layer F,Italy,cave,17.960528,40.155278,MP/ Late Mousterian - Eurasia,46500,47900,"14C (radiocarbon) dating, geology (based on position of layers)",NA,76,0,NA,0,0,0.32895,0,0,0,0.28947,0,0.03947,0.18421,0,0,0,0,0,0,0,0,0,0,0,42751,1,76,43000,0.16505982
1488,Grotta del Cavallo,Grotta del Cavallo Layer F II Fauna,Layer F,Italy,cave,17.960528,40.155278,MP/ Late Mousterian - Eurasia,46500,47900,"14C (radiocarbon) dating, geology (based on position of layers)",NA,113,0,NA,0,0,0.40708,0,0,0.00885,0.23009,0,0.06195,0.18584,0,0,0,0,0,0,0,0,0.00885,0,0,42751,1,113,43000,0.16505982
1505,Grotta di Santo Agostino,Grotta di Santo Agostino Unit A Fauna,Unit A,Italy,cave,13.494,41.234,MP/ Middle Paleolithic - Eurasia,0,39000,"ESR (electron spin resonance) dating, U series (uranium-thorium) dating, geology (based on position of layers)",NA,549,42,NA,0,0,0.05917,0.00394,0.07692,0.15779,0.26233,0,0.20513,0.02367,0,0,0,0,0,0,0,0,0.08087,0.00394,0,32000,0.956768423,507,32000,0.308526784
1506,Grotta di Santo Agostino,Grotta di Santo Agostino Unit A1 Fauna,Unit A1,Italy,cave,13.494,41.234,MP/ Middle Paleolithic - Eurasia,34000,52000,"ESR (electron spin resonance) dating, U series (uranium-thorium) dating, geology (based on position of layers)",NA,908,112,NA,0,0,0.07789,0.01508,0.07663,0.13945,0.28392,0,0.15955,0.03392,0,0,0,0,0,0,0,0,0.0804,0.00251,0,177000,0.497349962,796,177000,NA
1507,Grotta di Santo Agostino,Grotta di Santo Agostino Unit A2 Fauna,Unit A2,Italy,cave,13.494,41.234,MP/ Middle Paleolithic - Eurasia,43000,60000,"ESR (electron spin resonance) dating, U series (uranium-thorium) dating, geology (based on position of layers)",NA,455,78,NA,0,0,0.04244,0.01326,0.05836,0.13263,0.30504,0,0.09814,0.02122,0,0,0,0,0,0,0,0,0.06631,0.00796,0,53000,0.999998788,377,53000,0.14220801
1508,Grotta di Santo Agostino,Grotta di Santo Agostino Unit A3 Fauna,Unit A3,Italy,cave,13.494,41.234,MP/ Middle Paleolithic - Eurasia,43000,65000,"ESR (electron spin resonance) dating, U series (uranium-thorium) dating, geology (based on position of layers)",NA,249,47,NA,0,0,0.0396,0.03465,0.07921,0.10396,0.23267,0,0.11881,0.0099,0,0,0,0,0,0,0,0,0.05941,0.01485,0,54000,0.999002429,202,54000,0.14605698
1510,Grotta di Santo Agostino,Grotta di Santo Agostino Unit Ax Fauna,Unit A,Italy,cave,13.494,41.234,MP/ Middle Paleolithic - Eurasia,0,39000,"ESR (electron spin resonance) dating, U series (uranium-thorium) dating, geology (based on position of layers)",NA,642,28,NA,0,0,0.00326,0.10261,0.32573,0.27362,0.02769,0,0.01466,0.00489,0,0,0,0,0,0,0,0,0.02117,0.01954,0,32000,0.956768423,614,32000,0.308526784
1518,Grotte XVI,Grotte XVI Layer As,Unit IV,France,cave,1.159131,44.809444,"UP/ Solutrean, MP/ Mousterian of Acheulean Tradition, MP/ Mousterian of Acheulean Tradition, MP/ Chatelperronian, UP/ Gravettian, UP/ Aurignacian, UP/ Aurignacian",19740,67100,"archaeological (cultural) stratigraphy, 14C (radiocarbon) dating, TL (thermoluminescence) dating",45749,503,0,NA,0,0.00795,0,0,0.04573,0.02783,0.04374,0,0,0.04573,0,0,0,0,0,0.81312,0.00596,0,0.00994,0,0,24296,1,503,24000,0.72771579
1519,Grotte XVI,Grotte XVI Layer Abc,Unit IV,France,cave,1.159131,44.809444,"UP/ Solutrean, MP/ Mousterian of Acheulean Tradition, MP/ Mousterian of Acheulean Tradition, MP/ Chatelperronian, UP/ Gravettian, UP/ Aurignacian, UP/ Aurignacian",19740,67100,"archaeological (cultural) stratigraphy, 14C (radiocarbon) dating, TL (thermoluminescence) dating",45749,1420,0,NA,0,0.01831,0,0,0.02887,0.06972,0.12183,0,0,0.04085,0,0,0,0,0,0.71197,0,0,0.00845,0,0,24296,1,1420,24000,0.72771579
1520,Grotte XVI,Grotte XVI Layer Abb,Unit IV,France,cave,1.159131,44.809444,"UP/ Solutrean, MP/ Mousterian of Acheulean Tradition, MP/ Mousterian of Acheulean Tradition, MP/ Chatelperronian, UP/ Gravettian, UP/ Aurignacian, UP/ Aurignacian",19740,67100,"archaeological (cultural) stratigraphy, 14C (radiocarbon) dating, TL (thermoluminescence) dating",45749,1528,0,NA,0,0.02487,0,0,0.04319,0.09228,0.17016,0,0,0.07461,0,0.00065,0,0,0,0.5805,0,0,0.01374,0,0,24296,1,1528,24000,0.72771579
1522,Grotte XVI,Grotte XVI Layer B,Unit IV,France,cave,1.159131,44.809444,"UP/ Solutrean, MP/ Mousterian of Acheulean Tradition, MP/ Mousterian of Acheulean Tradition, MP/ Chatelperronian, UP/ Gravettian, UP/ Aurignacian, UP/ Aurignacian",19740,67100,"archaeological (cultural) stratigraphy, 14C (radiocarbon) dating, TL (thermoluminescence) dating",45749,589,0,NA,0,0.04414,0,0,0.08149,0.17487,0.20713,0,0,0.04414,0,0,0,0,0,0.42105,0,0,0.02377,0,0,24296,1,589,24000,0.72771579
1523,Grotte XVI,Grotte XVI Layer C,Unit IV,France,cave,1.159131,44.809444,"UP/ Solutrean, MP/ Mousterian of Acheulean Tradition, MP/ Mousterian of Acheulean Tradition, MP/ Chatelperronian, UP/ Gravettian, UP/ Aurignacian, UP/ Aurignacian",19740,67100,"archaeological (cultural) stratigraphy, 14C (radiocarbon) dating, TL (thermoluminescence) dating",45749,540,0,NA,0,0.08148,0,0,0.08519,0.14259,0.33889,0,0,0.06852,0,0,0,0,0,0.26296,0,0,0.02037,0,0,24296,1,540,24000,0.72771579
1527,Grotte de Saint-Marcel,Grotte de Saint-Marcel fauna layer f,Unit f,France,cave,4.543658,44.324371,MP/ Mousterian - Eurasia,37250,43000,14C (radiocarbon) dating,3,41,0,NA,0,0,0,0,0,0.07317,0.80488,0,0,0.07317,0,0,0,0,0,0,0,0,0,0,0,42228,1,41,42000,0.555073261
1547,Grotte du Lazaret,Grotte du Lazaret C-III UA 1-4 fauna,Unit C-III,France,cave,7.294928,43.690508,LP/ Acheulean - Europe,130000,150000,"geology (based on position of layers), ESR (electron spin resonance) dating, U series (uranium-thorium) dating",6,2127,0,NA,0,0.00047,0,0.07757,0.17301,0.00282,0.65115,0,0,0.0094,0,0.00094,0,0,0,0.00423,0,0.00376,0.00188,0.00188,0.01316,117969,0.999999999,2127,118000,NA
1548,Grotte du Lazaret,Grotte du Lazaret C-III UA 5-7 fauna,Unit C-III,France,cave,7.294928,43.690508,LP/ Acheulean - Europe,130000,150000,"geology (based on position of layers), ESR (electron spin resonance) dating, U series (uranium-thorium) dating",6,1607,0,NA,0,0,0.00062,0.07654,0.16988,0.00311,0.67268,0,0,0.0112,0,0.00062,0,0,0,0.00062,0,0.00062,0.00187,0.00187,0.01058,117313,0.999995476,1607,117000,NA
1549,Grotte du Lazaret,Grotte du Lazaret C-III UA 8-9 fauna,Unit C-III,France,cave,7.294928,43.690508,LP/ Acheulean - Europe,130000,150000,"geology (based on position of layers), ESR (electron spin resonance) dating, U series (uranium-thorium) dating",6,1740,0,NA,0,0.00057,0.00057,0.0592,0.17184,0.00345,0.67989,0,0,0.00632,0,0.00115,0,0,0,0.0023,0,0.00115,0.00287,0.00287,0.00977,121890,0.999901851,1740,122000,NA
1550,Grotte du Lazaret,Grotte du Lazaret C-III UA 10-12 fauna,Unit C-III,France,cave,7.294928,43.690508,LP/ Acheulean - Europe,130000,150000,"geology (based on position of layers), ESR (electron spin resonance) dating, U series (uranium-thorium) dating",6,1696,0,NA,0,0.00059,0,0.05896,0.13856,0.00354,0.72406,0.00059,0,0.01061,0,0.00118,0,0,0,0.00059,0,0.00177,0.00413,0.00413,0.0112,118745,0.999999999,1696,119000,NA
1560,Grub-Kranawetberg,"Grub-Kranawetberg, AH 4, bone accumulation, fauna",Layer 9,Austria,open air,16.833889,48.418889,UP/ Gravettian,24390,25390,14C (radiocarbon) dating,2,435,0,NA,0,0,0,0.0046,0,0,0,0.01839,0,0.02299,0.93563,0.01149,0,0,0,0.0023,0,0,0.0023,0.0023,0,29114,1,435,29000,0.504540384
1594,Guattari,Guattari Layer 0 Fauna,Layer 0,Italy,cave,13.096311,41.232358,,11000,55000,"ESR (electron spin resonance) dating, geology (based on position of layers)",NA,957,0,NA,0,0,0.21108,0.00313,0,0.05016,0.42424,0,0.09404,0.06792,0,0.00104,0,0,0,0,0,0,0.04493,0.01045,0.00418,62000,1,957,62000,0.210709363
1595,Guattari,Guattari Layer 1 Fauna,Layer 1,Italy,cave,13.096311,41.232358,MP/ Middle Paleolithic - Eurasia,55000,80000,"ESR (electron spin resonance) dating, geology (based on position of layers)",NA,695,0,NA,0,0,0.22446,0.00144,0,0.00719,0.50216,0,0.02446,0.08633,0,0,0,0,0,0,0,0,0.04173,0.00144,0.00144,54051,0.999999692,695,54000,0.145755082
1598,Guattari,Guattari Layer 4 Fauna,Layer 4,Italy,cave,13.096311,41.232358,MP/ Middle Paleolithic - Eurasia,55000,80000,"ESR (electron spin resonance) dating, geology (based on position of layers)",NA,53,0,NA,0,0,0.30189,0,0,0,0.30189,0,0.22642,0.09434,0,0,0,0,0,0,0,0,0.01887,0,0,38646,0.987307403,53,39000,0.22232832
1599,Guattari,Guattari Layer 5 Fauna,Layer 5,Italy,cave,13.096311,41.232358,MP/ Middle Paleolithic - Eurasia,55000,80000,"ESR (electron spin resonance) dating, geology (based on position of layers)",NA,49,0,NA,0,0,0.7551,0,0,0.04082,0.20408,0,0,0,0,0,0,0,0,0,0,0,0,0,0,71099,0.999996908,49,71000,NA
1990,Isturitz,Isturitz Fauna C 4b1 Unit III,Salle de St.-Martin Unit III,France,cave,-1.206111,43.352778,"UP/ Aurignacian, UP/ Proto-Aurignacian, UP/ Proto-Aurignacian",34070,37900,14C (radiocarbon) dating,NA,631,0,NA,0,0,0,0,0,0,0.00475,0,0,0.55151,0,0,0,0,0,0.22187,0,0,0,0,0,41780,1,631,42000,0.715404689
1991,Isturitz,Isturitz Fauna C 4b2 Unit III,Salle de St.-Martin Unit III,France,cave,-1.206111,43.352778,"UP/ Aurignacian, UP/ Proto-Aurignacian, UP/ Proto-Aurignacian",34070,37900,14C (radiocarbon) dating,NA,174,0,NA,0,0,0,0.00575,0,0,0,0,0,0.54023,0.00575,0.00575,0,0,0,0.21264,0,0,0,0,0,41780,1,174,42000,0.715404689
1992,Isturitz,Isturitz Fauna C 4Ia Unit III,Salle de St.-Martin Unit III,France,cave,-1.206111,43.352778,"UP/ Aurignacian, UP/ Proto-Aurignacian, UP/ Proto-Aurignacian",34070,37900,14C (radiocarbon) dating,NA,61,0,NA,0,0,0,0,0,0,0,0,0,0.27869,0.01639,0,0,0,0,0.37705,0,0,0,0,0,41780,1,61,42000,0.715404689
1993,Isturitz,Isturitz Fauna C 4II Unit III,Salle de St.-Martin Unit III,France,cave,-1.206111,43.352778,"UP/ Aurignacian, UP/ Proto-Aurignacian, UP/ Proto-Aurignacian",34070,37900,14C (radiocarbon) dating,NA,46,0,NA,0,0,0,0,0,0,0.04348,0,0,0.3913,0,0,0,0,0,0.08696,0,0,0,0,0,41780,1,46,42000,0.715404689
2103,Kebara Cave,"Kebara, Layer D, Fauna",D_Aa_I+II,Israel,cave,34.936917,32.558383,UP/ Aurignacian,35000,40000,"14C (radiocarbon) dating, archaeological (cultural) stratigraphy, micromorphology, phytoliths",NA,234,0,NA,0,0,0.10256,0.00855,0,0.01282,0.02991,0,0.5641,0.01282,0,0,0,0,0,0,0,0,0.00427,0.00427,0,27239,1,234,27000,NA
2104,Kebara Cave,"Kebara, Layer E, Fauna",E_Ab_III,Israel,cave,34.936917,32.558383,UP/ Ahmarian,40100,43400,"14C (radiocarbon) dating, archaeological (cultural) stratigraphy, micromorphology, phytoliths",NA,192,0,NA,0,0,0.09896,0.00521,0,0.02604,0.04167,0,0.42188,0.04167,0,0,0,0,0,0,0,0,0.00521,0,0,45200,1,192,45000,NA
2108,Kebara Cave,"Kebara, Layer D, micromammals",D_Aa_I+II,Israel,cave,34.936917,32.558383,UP/ Aurignacian,35000,40000,"14C (radiocarbon) dating, archaeological (cultural) stratigraphy, micromorphology, phytoliths",NA,2,0,NA,0,0,0,0,0,0,0,0,0,0,0,0,0,0,0,0,0,0,0,0,0,27239,1,2,27000,NA
2119,Kimanis cave,"KMS/C4, Unit V, Fauna",Layer J (C4),Indonesia,cave,117.410556,2.451111,,23150,24010,14C (radiocarbon) dating,NA,19,0,NA,0,0,0,0,0,0,0,0,0,0,0,0,0,0,0,0,0,0,0,0,0,27773,1,19,28000,NA
2120,Kimanis cave,"KMS/C4, Unit V, micromammals",Layer J (C4),Indonesia,cave,117.410556,2.451111,,23150,24010,14C (radiocarbon) dating,NA,142,0,NA,0,0,0,0,0,0,0,0,0,0,0,0,0,0,0,0,0,0,0,0,0,27773,1,142,28000,NA
7494,Krems-Wachtberg,Krems-Wachtberg layer 2 fauna,Layer 2,Austria,open air,15.59952,48.414467,UP/ Gravettian,27000,27900,14C (radiocarbon) dating,2,241,0,NA,0,0,0.0083,0.20332,0.02075,0,0.0083,0,0,0,0.46058,0,0.0083,0,0,0.02905,0,0,0,0,0,31157,1,241,31000,0.480477482
7689,La Ferrassie_Grand Abri,La Ferrassie_Grand Abri Unit E fauna,Peyrony Unit E,France,rock shelter,0.93805,44.951792,MP/ Chatelperronian,39300,45100,"archaeological (cultural) stratigraphy, OSL (optically stimulated thermoluminescence) dating, 14C (radiocarbon) dating",NA,27,0,NA,0,0,0,0,0,0,0,0,0,0.11111,0,0,0,0,0,0.77778,0,0,0,0,0,42054,1,27,42000,0.614785433
7691,La Ferrassie_Grand Abri,La Ferrassie_Grand Abri Unit D fauna,Peyrony Unit D,France,rock shelter,0.93805,44.951792,MP/ Mousterian - Eurasia,37400,48100,"archaeological (cultural) stratigraphy, OSL (optically stimulated thermoluminescence) dating, 14C (radiocarbon) dating",NA,159,0,NA,0,0.03774,0,0.00629,0,0,0.38994,0,0,0.01258,0,0,0,0,0,0.03145,0,0,0,0,0,45658,1,159,46000,0.51388216
7692,La Ferrassie_Grand Abri,La Ferrassie_Grand Abri Unit C fauna,Peyrony Unit C,France,rock shelter,0.93805,44.951792,MP/ Mousterian - Eurasia,41800,57800,"archaeological (cultural) stratigraphy, OSL (optically stimulated thermoluminescence) dating",NA,199,0,NA,0,0.03015,0,0,0,0,0.44724,0,0,0,0,0,0,0,0,0.01508,0,0,0.00503,0,0,44479,1,199,44000,0.597785413
7693,La Ferrassie_Grand Abri,La Ferrassie_Grand Abri Unit B new layer 3 fauna,Peyrony Unit B,France,rock shelter,0.93805,44.951792,,41800,78800,"archaeological (cultural) stratigraphy, OSL (optically stimulated thermoluminescence) dating",NA,102,0,NA,0,0.02941,0,0,0,0.02941,0.30392,0.0098,0,0,0.0098,0,0,0,0,0.03922,0,0,0.0098,0.0098,0,53563,1,102,54000,0.487815917
7694,La Ferrassie_Grand Abri,La Ferrassie_Grand Abri Unit B new layer 2 fauna,Peyrony Unit B,France,rock shelter,0.93805,44.951792,,41800,78800,"archaeological (cultural) stratigraphy, OSL (optically stimulated thermoluminescence) dating",NA,214,0,NA,0,0.01869,0,0.00935,0,0.09346,0.21028,0,0,0.00467,0,0,0,0,0,0.06075,0,0,0.00467,0.00467,0,53563,1,214,54000,0.487815917
7695,La Ferrassie_Grand Abri,La Ferrassie_Grand Abri Unit A fauna,Peyrony Unit A,France,rock shelter,0.93805,44.951792,MP/ Mousterian of Acheulean Tradition,58500,100300,"archaeological (cultural) stratigraphy, OSL (optically stimulated thermoluminescence) dating",NA,65,0,NA,0,0.04615,0,0,0,0.01538,0.32308,0,0,0.03077,0,0,0,0,0,0.07692,0,0,0,0,0,75436,1,65,75000,NA
7709,Lakonis I,"Lakonis, Unit I, Fauna",Unit Ia,Greece,collapsed shelter,22.580153,36.783075,UP/ Initial Upper Paleolithic - Eurasia,42000,44500,"14C (radiocarbon) dating, U series (uranium-thorium) dating, fauna, geology (based on position of layers)",NA,162,0,NA,0,0,0.01235,0,0,0,0.00617,0,0.88889,0.03086,0,0,0,0,0,0,0,0,0.05556,0,0,42349,1,162,42000,NA
7894,Manot Cave,"Manot, Area C-Ahmairan, Fauna",Area C Unit 6,Israel,cave,35.198236,33.039717,UP/ Aurignacian,33000,49400,"14C (radiocarbon) dating, geology (based on position of layers)",NA,125,1,NA,0,0,0.01613,0,0,0.02419,0.01613,0,0.31452,0,0,0,0,0,0,0,0,0,0.00806,0,0.00806,41997,1,124,42000,NA
7896,Manot Cave,"Manot, Ahmarian, micromammals",Area C Unit 6,Israel,cave,35.198236,33.039717,UP/ Aurignacian,33000,49400,"14C (radiocarbon) dating, geology (based on position of layers)",NA,630,615,NA,0,0,0,0,0,0,0,0,0,0,0,0,0,0,0,0,0,0,0,0,0,41997,1,15,42000,NA
7901,Manot Cave,"Manot, post-Levantine Aurignacian, micromammals",Area E Unit 2,Israel,cave,35.198236,33.039717,"UP/ Aurignacian, UP/ Early Upper Paleolithic - Eurasia, UP/ Early Upper Paleolithic - Eurasia",34000,36900,"14C (radiocarbon) dating, geology (based on position of layers)",NA,441,424,NA,0,0,0,0,0,0,0,0,0,0,0,0,0,0,0,0,0,0,0,0,0,33746,1,17,34000,NA
7961,Mezmaiskaya Cave,Mezmaiskaya Cave layer 2 fauna,Layer 2,Russia,cave,40,44.166,MP/ Middle Paleolithic - Eurasia,32000,41000,"14C (radiocarbon) dating, archaeological (cultural) stratigraphy",3,446,345,NA,0,0.0495,0,0,0.0495,0,0,0,0,0,0,0,0,0.07921,0,0,0.0099,0,0.0297,0.0198,0,36460,1,101,36000,0.561098993
7962,Mezmaiskaya Cave,Mezmaiskaya Cave layer 2A fauna,Layer 2A,Russia,cave,40,44.166,MP/ Middle Paleolithic - Eurasia,35000,42000,"14C (radiocarbon) dating, archaeological (cultural) stratigraphy",3,1140,921,NA,0,0.14612,0,0,0.03196,0.00457,0.02283,0,0,0,0,0,0,0.05023,0,0.00457,0,0,0.03196,0.03196,0.0137,41036,1,219,41000,0.58947289
7963,Mezmaiskaya Cave,Mezmaiskaya Cave layer 2B fauna,Layer 2B-1,Russia,cave,40,44.166,MP/ Middle Paleolithic - Eurasia,34000,40000,"14C (radiocarbon) dating, archaeological (cultural) stratigraphy",3,3469,2689,NA,0,0.27692,0,0.00128,0.01667,0,0.0141,0,0,0,0,0,0,0.01282,0,0,0,0,0.00769,0.00641,0,170080,1,780,170000,NA
7967,Mezmaiskaya Cave,Mezmaiskaya Cave layer 3 fauna,Layer 3,Russia,cave,40,44.166,MP/ Middle Paleolithic - Eurasia,60000,70000,"14C (radiocarbon) dating, archaeological (cultural) stratigraphy",4,592,378,NA,0,0.55607,0,0,0.03738,0,0.07009,0,0,0,0,0,0,0.02336,0,0.00467,0,0,0.01869,0.01869,0.00467,65470,1,214,65000,0.614490569
8029,Moula Guercy,Moula-Guercy layer XV fauna,Layer XV,France,cave,4.847953,44.883389,MP/ Middle Paleolithic - Eurasia,115105,130115,"ESR (electron spin resonance) dating, biostratigraphy",5e,391,0,NA,0,0,0.02302,0.02813,0.12532,0.04092,0.49361,0,0.00256,0.02302,0,0.00256,0,0,0,0.00767,0,0,0.08184,0.07673,0.0179,36000,0.799999985,391,36000,0.675420463
8135,Nahal Mahanayeem Outlet,"NMO, Layer 4, Fauna",Unit 4,Israel,open air,35.6309,33.0267,MP/ Mousterian - Levant,47000,77000,OSL (optically stimulated thermoluminescence) dating,NA,100,0,NA,0,0,0.42,0.01,0,0,0.1,0,0.19,0,0,0,0,0,0,0,0,0,0.03,0,0.02,64495,1,100,64000,NA
8162,Nesher Ramla,"Nesher Ramla, Unit I, Fauna",unit I,Israel,open air,34.927,31.916,MP/ Mousterian - Levant,76000,207000,OSL (optically stimulated thermoluminescence) dating,NA,111,0,NA,0,0,0.36036,0,0.02703,0,0,0,0.20721,0.07207,0,0,0,0,0,0,0,0,0,0,0,78420,0.947430265,111,78000,NA
8163,Nesher Ramla,"Nesher Ramla, Unit II, Fauna",unit II,Israel,open air,34.927,31.916,MP/ Mousterian - Levant,135000,279000,OSL (optically stimulated thermoluminescence) dating,NA,123,0,NA,0,0,0.39837,0,0.00813,0,0,0,0.39024,0.06504,0,0,0,0,0,0,0,0,0,0,0,116248,0.799045316,123,116000,NA
8165,Nesher Ramla,"Nesher Ramla, micromammals",unit I,Israel,open air,34.927,31.916,MP/ Mousterian - Levant,76000,207000,OSL (optically stimulated thermoluminescence) dating,NA,403,403,NA,NA,NA,NA,NA,NA,NA,NA,NA,NA,NA,NA,NA,NA,NA,NA,NA,NA,NA,NA,NA,NA,78420,0.947430265,0,78000,NA
8170,Neumark-Nord 1,NN1 layer 2 micromammals,layer 2,Germany,open air,11.898889,51.324444,,116000,130000,"fauna, geology (based on position of layers)",5e,1,1,NA,NA,NA,NA,NA,NA,NA,NA,NA,NA,NA,NA,NA,NA,NA,NA,NA,NA,NA,NA,NA,NA,140504,0.999999325,0,141000,NA
8173,Neumark-Nord 1,NN1 layer 6.1 micromammals,layer 6.1,Germany,open air,11.898889,51.324444,MP/ Middle Paleolithic - Eurasia,116000,130000,"fauna, geology (based on position of layers), macrobotanical remains, palynology",5e,61,58,NA,0,0,0,0,0,0,0,0,0,0,0,0,0,0,0,0,0,0,0,0,0,132000,0.999999993,3,132000,NA
8303,Ohalo II,"Ohalo II, Fauna",Middle Unit,Israel,open air,35.5717333,32.71975,UP/ Upper Paleolithic - Levant,15420,21525,14C (radiocarbon) dating,NA,2737,0,NA,0,0,0.00073,0.00073,0.00146,0,0.00402,0,0.1509,0,0,0,0,0,0,0,0,0,0.00694,0,0,23414,0.909090909,2737,23000,NA
8305,Ohalo II,"Ohalo II, micromammals",Middle Unit,Israel,open air,35.5717333,32.71975,UP/ Upper Paleolithic - Levant,15420,21525,14C (radiocarbon) dating,NA,261,258,NA,0,0,0,0,0,0,0,0,0,0,0,0,0,0,0,0,0,0,0,0,0,23414,0.909090909,3,23000,NA
8350,Paglicci,Paglicci Layer 19b Fauna,Layer 19b,Italy,cave,15.5533,41.6904,UP/ Gravettian,20730,21250,"14C (radiocarbon) dating, fauna, geology (based on position of layers)",NA,321,0,NA,0,0,0.04984,0,0.25857,0,0.04673,0,0,0.62305,0,0,0,0,0,0,0,0,0.02181,0,0,25027,1,321,25000,0.385654986
8351,Paglicci,Paglicci Layer 20a Fauna,Layer 20,Italy,cave,15.5533,41.6904,UP/ Gravettian,21250,23040,"14C (radiocarbon) dating, fauna, geology (based on position of layers)",NA,324,0,NA,0,0,0.09259,0,0.2963,0,0.08642,0,0,0.5216,0,0,0,0,0,0,0,0,0.00309,0,0,26368,1,324,26000,0.372963965
8352,Paglicci,Paglicci Layer 20b Fauna,Layer 20,Italy,cave,15.5533,41.6904,UP/ Gravettian,21250,23040,"14C (radiocarbon) dating, fauna, geology (based on position of layers)",NA,679,0,NA,0,0,0.1944,0,0.20029,0,0.05744,0,0,0.54786,0,0,0,0,0,0,0,0,0,0,0,26368,1,679,26000,0.372963965
8353,Paglicci,Paglicci Layer 20c Fauna,Layer 20,Italy,cave,15.5533,41.6904,UP/ Gravettian,21250,23040,"14C (radiocarbon) dating, fauna, geology (based on position of layers)",NA,396,0,NA,0,0,0.18939,0,0.49242,0,0.05051,0,0,0.2601,0,0,0,0,0,0,0,0,0.00758,0,0,26368,1,396,26000,0.372963965
8354,Paglicci,Paglicci Layer 20d Fauna,Layer 20,Italy,cave,15.5533,41.6904,UP/ Gravettian,21250,23040,"14C (radiocarbon) dating, fauna, geology (based on position of layers)",NA,529,0,NA,0,0,0.00945,0,0.68431,0,0.0586,0,0,0.24575,0,0,0,0,0,0,0,0,0.00189,0,0,26368,1,529,26000,0.372963965
8355,Paglicci,Paglicci Layer 20e Fauna,Layer 20,Italy,cave,15.5533,41.6904,UP/ Gravettian,21250,23040,"14C (radiocarbon) dating, fauna, geology (based on position of layers)",NA,742,0,NA,0,0,0.02156,0,0.76415,0,0.04447,0,0,0.16173,0,0,0,0,0,0,0,0,0.00809,0,0,26368,1,742,26000,0.372963965
8357,Paglicci,Paglicci Layer 21b Fauna,Layer 21,Italy,cave,15.5533,41.6904,UP/ Gravettian,23040,26800,"14C (radiocarbon) dating, fauna, geology (based on position of layers)",NA,729,0,NA,0,0,0.03841,0,0.65295,0,0.01235,0,0,0.28669,0,0,0,0,0,0,0,0,0.0096,0,0,27808,1,729,28000,0.347441584
8359,Paglicci,Paglicci Layer 21d Fauna,Layer 21,Italy,cave,15.5533,41.6904,UP/ Gravettian,23040,26800,"14C (radiocarbon) dating, fauna, geology (based on position of layers)",NA,230,0,NA,0,0,0.06087,0,0.38261,0,0.02174,0,0,0.51739,0,0,0,0,0,0,0,0,0.01739,0,0,27808,1,230,28000,0.347441584
8370,Paglicci,Paglicci Layer 18 b2 Fauna,Layer 18b,Italy,cave,15.5533,41.6904,UP/ Gravettian,19000,20730,"14C (radiocarbon) dating, fauna, geology (based on position of layers)",NA,492,0,NA,0,0,0.14837,0,0.39024,0,0.02033,0,0,0.41057,0,0,0,0,0,0,0,0,0.03049,0,0,24183,1,492,24000,0.378656596
8371,Paglicci,Paglicci Layer 18 b9 Fauna,Layer 18b,Italy,cave,15.5533,41.6904,UP/ Gravettian,19000,20730,"14C (radiocarbon) dating, fauna, geology (based on position of layers)",NA,863,0,NA,0,0,0.08806,0,0.2584,0.00116,0.04635,0,0,0.5956,0,0,0,0,0,0,0,0,0.01043,0,0,24183,1,863,24000,0.378656596
8415,Payre,Payre unit D large mammals,Unit D1,France,collapsed cave,4.736381,44.731856,MP/ Middle Paleolithic - Eurasia,115000,178000,"biostratigraphy (small mammal), U series (uranium-thorium) dating, biostratigraphy (large mammal), ESR (electron spin resonance) dating",45813,1118,13,NA,0,0,0.02081,0.019,0.00724,0.01267,0.19186,0,0.01448,0.04796,0,0.00724,0,0,0.00543,0,0,0.0724,0.22262,0.21176,0.01357,141032,0.89409804,1105,141000,NA
8418,Payre,Payre unit D micro-and malacofauna,Unit D1,France,collapsed cave,4.736381,44.731856,MP/ Middle Paleolithic - Eurasia,115000,178000,"biostratigraphy (small mammal), U series (uranium-thorium) dating, biostratigraphy (large mammal), ESR (electron spin resonance) dating",45813,105,100,NA,0,0,0,0,0,0,0,0,0,0,0,0,0,0,0,0,0,0,0,0,0,141032,0.89409804,5,141000,NA
8449,Pilanduk Cave,"Pilanduk Cave, Trench 3, Layer I, Fauna",Layer 2,Philippines,cave,118.0769702,9.2988771,,16720,20550,14C (radiocarbon) dating,NA,214,0,NA,0,0,0,0,0,0,0,0,0,0,0,0,0,0,0,0,0,0,0.06542,0,0.00467,20308,0.998920988,214,20000,NA
8450,Pilanduk Cave,"Pilanduk Cave, Trench 3, Layer II, Fauna",Layer 2,Philippines,cave,118.0769702,9.2988771,,16720,20550,14C (radiocarbon) dating,NA,343,2,NA,0,0,0,0,0,0,0,0,0,0,0,0,0,0,0,0,0,0,0.04399,0,0.01173,20308,0.998920988,341,20000,NA
8451,Pilanduk Cave,"Pilanduk Cave, Trench 3, Layer III, Fauna",Layer 2,Philippines,cave,118.0769702,9.2988771,,16720,20550,14C (radiocarbon) dating,NA,329,1,NA,0,0,0,0,0,0,0,0,0,0,0,0,0,0,0,0,0,0,0.08537,0,0.00305,20308,0.998920988,328,20000,NA
8452,Pilanduk Cave,"Pilanduk Cave, Trench 3, Layer IV, Fauna",Layer 3,Philippines,cave,118.0769702,9.2988771,,19410,20210,14C (radiocarbon) dating,NA,79,1,NA,0,0,0,0,0,0,0,0,0,0,0,0,0,0,0,0,0,0,0,0,0,23434,1,78,23000,NA
8453,Pilanduk Cave,"Pilanduk Cave, Layer I, Fauna",Layer 2,Philippines,cave,118.0769702,9.2988771,,16720,20550,14C (radiocarbon) dating,NA,58,0,NA,0,0,0,0,0,0,0,0,0,0,0,0,0,0,0,0,0,0,0.13793,0,0,20308,0.998920988,58,20000,NA
8454,Pilanduk Cave,"Pilanduk Cave, Layer II, Fauna",Layer 2,Philippines,cave,118.0769702,9.2988771,,16720,20550,14C (radiocarbon) dating,NA,17,0,NA,0,0,0,0,0,0,0,0,0,0,0,0,0,0,0,0,0,0,0.17647,0,0,20308,0.998920988,17,20000,NA
8455,Pilanduk Cave,"Pilanduk Cave, Layer III, Fauna",Layer 2,Philippines,cave,118.0769702,9.2988771,,16720,20550,14C (radiocarbon) dating,NA,44,0,NA,0,0,0,0,0,0,0,0,0,0,0,0,0,0,0,0,0,0,0.15909,0,0,20308,0.998920988,44,20000,NA
8456,Pilanduk Cave,"Pilanduk Cave, Layer IV, Fauna",Layer 3,Philippines,cave,118.0769702,9.2988771,,19410,20210,14C (radiocarbon) dating,NA,12,0,NA,0,0,0,0,0,0,0,0,0,0,0,0,0,0,0,0,0,0,0,0,0,23434,1,12,23000,NA
8524,Quneitra,"Quneitra, Fauna",Unit 3,Israel,open air,35.816278,33.128351,MP/ Mousterian - Levant,48000,59800,ESR (electron spin resonance) dating,3,99,0,NA,0,0,0.43434,0,0.0101,0,0.07071,0,0.08081,0.28283,0,0,0,0,0,0,0,0,0,0,0,53900,0.999999995,99,54000,NA
8529,Ranc Pointu 2,Ranc Pointu 2 Layer c fauna,Unit c1,France,cave,4.547894,44.322575,MP/ Mousterian - Eurasia,136000,154400,OSL (optically stimulated thermoluminescence) dating,6,9,1,NA,0,0,0,0,0,0,0.125,0,0.875,0,0,0,0,0,0,0,0,0,0,0,0,145200,0.999999999,8,145000,NA
8532,Ranc Pointu 2,Ranc Pointu 2 Layer c1 fauna,Unit c1,France,cave,4.547894,44.322575,MP/ Mousterian - Eurasia,136000,154400,OSL (optically stimulated thermoluminescence) dating,6,43,5,NA,0,0,0,0,0.15789,0.15789,0.13158,0,0.52632,0,0,0,0,0,0,0,0,0,0,0,0,145200,0.999999999,38,145000,NA
8562,Riparo Bombrini,Riparo Bombrini Layer A1 Fauna,Unit A1,Italy,cave,7.535117,43.783844,UP/ Proto-Aurignacian,36000,40000,"14C (radiocarbon) dating, geology (based on position of layers)",NA,70,0,NA,0,0.08571,0.07143,0,0.2,0.04286,0.14286,0,0.02857,0,0,0,0,0,0,0,0,0,0.1,0,0,36476,1,70,36000,NA
8563,Riparo Bombrini,Riparo Bombrini Layer A2 Fauna,Unit A2,Italy,cave,7.535117,43.783844,UP/ Proto-Aurignacian,36000,40000,"14C (radiocarbon) dating, geology (based on position of layers)",NA,37,0,NA,0,0.21622,0.21622,0,0,0,0.16216,0,0.02703,0,0,0,0,0,0,0,0,0,0.02703,0,0,36458,1,37,36000,NA
8601,Riparo del Poggio,Riparo del Poggio Layer 17 fauna,Unit 17,Italy,hill slope,15.387452,39.997665,MP/ Mousterian - Eurasia,102800,120800,TL (thermoluminescence) dating,5,3,0,NA,0,0,0,0,0,0,0.33333,0,0.66667,0,0,0,0,0,0,0,0,0,0,0,0,111800,1,3,112000,NA
8633,Sainte-Anne I,Sainte-Anne I Layer J1 fauna,Unit J1,France,cave,3.83552,45.071273,MP/ Middle Paleolithic - Eurasia,126000,190000,"geology (based on position of layers), biostratigraphy (large mammal), ESR (electron spin resonance) dating, U series (uranium-thorium) dating",6,119,0,NA,0,0,0,0.01681,0.06723,0.0084,0.04202,0,0,0.45378,0,0,0,0,0,0.28571,0,0,0,0,0,91550,0.950926875,119,92000,NA
8970,Tabun Cave,Tabun B Fauna,Layer B,Israel,cave,34.966108,32.670533,MP/ Mousterian - Levant,85000,138000,"ESR (electron spin resonance) dating, U series (uranium-thorium) dating",NA,2327,13,NA,0,0,0.02118,0.00259,0.00908,0.0013,0.00735,0,0.74719,0.01858,0,0,0,0,0,0,0,0,0.00389,0,0.02074,112307,0.997576629,2314,112000,NA
8971,Tabun Cave,Tabun C Fauna,Layer C,Israel,cave,34.966108,32.670533,MP/ Mousterian - Levant,104000,195000,"ESR (electron spin resonance) dating, TL (thermoluminescence) dating, U series (uranium-thorium) dating",NA,511,0,NA,0,0,0.19569,0,0.02935,0,0.0411,0,0.08415,0.02935,0,0,0,0,0,0,0,0,0.10372,0.02935,0.00391,128211,0.954135651,511,128000,NA
8977,Tam Hay Marklot Cave,"THM, Fauna",Layer Sc,Laos,cave,103.38025,20.448167,,13500,38400,U series (uranium-thorium) dating,NA,1209,0,NA,0,0,0.05873,0,0,0,0.02233,0,0,0,0,0,0,0,0,0,0,0,0.25476,0.01406,0.0091,37400,0.375,1209,37000,NA
8978,Tam Hay Marklot Cave,"THM, micromammals",Layer Sc,Laos,cave,103.38025,20.448167,,13500,38400,U series (uranium-thorium) dating,NA,151,151,NA,NA,NA,NA,NA,NA,NA,NA,NA,NA,NA,NA,NA,NA,NA,NA,NA,NA,NA,NA,NA,NA,37400,0.75,0,37000,NA
8979,Tam Ngu Hao,"TNH, LU2, Fauna",LU2,Laos,cave,103.408944,20.211528,,131000,164000,"ESR (electron spin resonance) dating, IRSL post-IR (post-infrared infrared stimulated luminescence) dating, U series (uranium-thorium) dating",NA,186,18,NA,0,0,0.20833,0,0,0,0,0,0,0,0,0,0,0,0,0,0,0,0.24405,0.01786,0,143231,0.983454976,168,143000,NA
8980,Tam Pa Ling,Tam Pa Ling layer 1 - 19 rodent fauna,Layer 1,Laos,cave,103.4097,20.2087,,43000,53000,"OSL (optically stimulated thermoluminescence) dating, 14C (radiocarbon) dating",NA,249,249,NA,NA,NA,NA,NA,NA,NA,NA,NA,NA,NA,NA,NA,NA,NA,NA,NA,NA,NA,NA,NA,NA,48000,0.999999989,0,48000,NA
9259,Walou,B-5 micromammals,B5,Belgium,cave,5.695961,50.591419,UP/ Gravettian,20580,26309,14C (radiocarbon) dating,2,62,47,NA,0,0,0,0,0,0,0,0,0,0,0,0,0,0,0,0,0,0,0,0,0,27203,1,15,27000,0.640497208
9260,Walou,CI-1 micromammals,CI-1,Belgium,cave,5.695961,50.591419,UP/ Aurignacian,28830,30560,14C (radiocarbon) dating,45718,93,76,NA,0,0,0,0,0,0,0,0,0,0,0,0,0,0,0,0,0,0,0,0,0,34210,1,17,34000,0.587634563
9262,Walou,CI-4/5 micromammals,CI-4,Belgium,cave,5.695961,50.591419,,32040,35620,14C (radiocarbon) dating,3,15,13,NA,0,0,0,0,0,0,0,0,0,0,0,0,0,0,0,0,0,0,0,0,0,39725,1,2,40000,0.565209329
9394,Zaskalnaya VI,Zaskalnaya VI layer III Fauna,layer 6,Ukraine,cave,34.66,45.16,UP/ Upper Paleolithic - Eurasia,34000,39000,14C (radiocarbon) dating,NA,642,6,1,0,0,0,0.00629,0,0,0.00157,0.00629,0,0.10377,0.67138,0.00314,0,0,0,0.00943,0.1934,0,0,0,0,42339,1,636,42000,0.332132429
9395,Zaskalnaya VI,Zaskalnaya VI layer IIIa Fauna,layer 7,Ukraine,cave,34.66,45.16,MP/ Mousterian - Eurasia,30000,42000,14C (radiocarbon) dating,NA,63,0,NA,0,0,0,0,0,0,0.01587,0,0,0.03175,0.31746,0,0,0,0,0,0.61905,0,0,0,0,42790,1,63,43000,0.324329793
9411,Zhoukoudian Upper Cave,Zhoukoudian Upper Cave,Layer 1,China,cave,115.92411,39.69372,UP/ Upper Paleolithic - E Asia,29630,30820,14C (radiocarbon) dating,NA,890,0,NA,0,0,0.00449,0.00225,0,0,0.65393,0,0,0,0,0,0,0,0,0,0,0,0.01124,0.01124,0.05056,34533,0.669245065,890,35000,0.051430792
9416,Zhoukoudian Upper Cave,Zhoukoudian Upper Cave 1940,Layer 1,China,cave,115.92411,39.69372,UP/ Upper Paleolithic - E Asia,29630,30820,14C (radiocarbon) dating,NA,791,0,NA,0,0,0.00506,0.00253,0,0,0.73578,0,0,0,0,0,0,0,0,0,0,0,0.01138,0.01138,0.05689,34533,1,791,35000,0.051430792
